"","Actor","Total.Gross","Num.Movies","Avg.Per.Movie","No.1.Movie","Gross.of.No.1.Movie"
"1","Amy Adams",2340.7,29,80.7,"Batman v Superman",330.4
"2","Ben Affleck",2503.5,39,64.2,"Batman v Superman",330.4
"3","Casey Affleck",911.5,23,39.6,"Interstellar",188
"4","Dianna Agron",132.1,5,26.4,"I Am Number Four",55.1
"5","Jessica Alba",952.3,24,39.7,"Fantastic Four (2005)",154.7
"6","Alan Alda",753,22,34.2,"What Women Want",182.8
"7","Joan Allen",854.3,24,35.6,"The Bourne Ultimatum",227.5
"8","Tim Allen",1763,20,88.1,"Toy Story 3",415
"9","Woody Allen",461.3,27,17.1,"Antz",90.8
"10","Mathieu Amalric",300.7,13,23.1,"Quantum of Solace",168.4
"11","Gillian Anderson",146.8,14,10.5,"X-Files",83.9
"12","Julie Andrews",928.3,14,66.3,"Despicable Me 3",264.6
"13","Jennifer Aniston",1627.1,32,50.8,"Bruce Almighty",242.8
"14","Aziz Ansari",168.6,3,56.2,"Epic",107.5
"15","Christina Applegate",1117.1,21,53.2,"Alvin and the Chipmunks 2",219.6
"16","Tom Arnold",415.9,18,23.1,"True Lies",146.3
"17","Gemma Arterton",517.4,13,39.8,"Quantum of Solace",168.4
"18","Kevin Bacon",1519.2,48,31.7,"Apollo 13",173.8
"19","Penn Badgley",134.6,6,22.4,"Easy A",58.4
"20","Alec Baldwin",2437.5,53,46,"Pearl Harbor",198.5
"21","Christian Bale",2215.8,37,59.9,"The Dark Knight",534.9
"22","Eric Bana",1068.3,17,62.8,"Star Trek",257.7
"23","Anne Bancroft",548,28,19.6,"The Graduate",104.9
"24","Antonio Banderas",2386.4,43,55.5,"Shrek 2",441.2
"25","Elizabeth Banks",2811.7,36,78.1,"Catching Fire",424.7
"26","Javier Bardem",722.3,17,42.5,"Skyfall",304.4
"27","Ben Barnes",287.7,5,57.5,"The Chronicles of Narnia: Prince Caspian",141.6
"28","Drew Barrymore",1614.6,36,44.9,"E.T.",435.1
"29","Justin Bartha",1134,12,94.5,"The Hangover",277.3
"30","Jay Baruchel",1074.4,18,59.7,"How to Train Your Dragon",217.6
"31","Kim Basinger",1085,35,31,"Batman",251.2
"32","Angela Bassett",881.1,25,35.2,"Green Lantern",116.6
"33","Jason Bateman",1892,31,61,"Zootopia",341.3
"34","Kathy Bates",2331.1,47,49.6,"Titanic",659.4
"35","Sean Bean",1641.8,31,53,"Fellowship of the Ring",315.5
"36","Warren Beatty",312.2,9,34.7,"Dick Tracy",103.7
"37","Kate Beckinsale",1046.1,25,41.8,"Pearl Harbor",198.5
"38","Ashley Bell",56.2,2,28.1,"The Last Exorcism",41
"39","Jamie Bell",572.8,18,31.8,"King Kong",218.1
"40","Kristen Bell",1021.4,19,53.8,"Frozen",400.7
"41","Lake Bell",365.5,10,36.5,"It's Complicated",112.7
"42","Maria Bello",988.3,30,32.9,"Grown Ups",162
"43","Monica Bellucci",1027.9,16,64.2,"Passion of the Christ",370.8
"44","Roberto Benigni",88.9,11,8.1,"Life Is Beautiful",57.6
"45","Annette Bening",608,27,22.5,"American Beauty",130.1
"46","Melissa Benoist",50.5,2,25.3,"The Longest Ride",37.4
"47","Peter Berg",229.8,5,46,"Collateral",101
"48","Gael Garcia Bernal",107.1,22,4.9,"Babel",34.3
"49","Halle Berry",1987.4,31,64.1,"X-Men: The Last Stand",234.4
"50","Paul Bettany",1713.1,22,77.9,"Avengers: Age of Ultron",459
"51","Justin Bieber",79.2,2,39.6,"Justin Bieber",73
"52","Jessica Biel",772.9,24,32.2,"I Now Pronounce You Chuck and Larry",120.1
"53","Rachel Bilson",95.3,5,19.1,"Jumper",80.2
"54","Mike Binder",19.1,2,9.5,"The Upside of Anger",18.8
"55","Jack Black",1616.6,24,67.4,"King Kong",218.1
"56","Lucas Black",730.2,12,60.8,"Furious 7",353
"57","Macon Blair",8.5,3,2.8,"The Florida Project",5.1
"58","Cate Blanchett",3106.2,42,74,"Return of the King",377.8
"59","Nikki Blonsky",118.9,3,39.6,"Hairspray (2007)",118.9
"60","Orlando Bloom",2988.4,18,166,"Dead Man's Chest",423.3
"61","Emily Blunt",1067,26,41,"Into the Woods",128
"62","Chadwick Boseman",572.1,5,114.4,"Captain America 3",408.1
"63","Kate Bosworth",529.3,19,27.9,"Superman Returns",200.1
"64","Sofia Boutella",418.8,4,104.7,"Star Trek Beyond",158.8
"65","John Boyega",975,4,243.7,"Star Wars: The Force Awakens",936.7
"66","Luke Bracey",171,5,34.2,"Hacksaw Ridge",67.2
"67","Zach Braff",281.7,6,47,"Oz The Great and Powerful",234.9
"68","Kenneth Branagh",908.9,19,47.8,"Harry Potter / Chamber of Secrets",262
"69","Russell Brand",1187.4,10,118.7,"Despicable Me 2",368.1
"70","Marlon Brando",552.5,12,46,"The Godfather",135
"71","Benjamin Bratt",843.4,20,42.2,"Despicable Me 2",368.1
"72","Ewen Bremner",1161.8,16,72.6,"Wonder Woman",412.6
"73","Abigail Breslin",1103.9,20,55.2,"Signs",228
"74","Jordana Brewster",1157.8,7,165.4,"Furious 7",353
"75","Chris 'Ludacris' Bridges",1495.4,13,115,"Furious 7",353
"76","Jeff Bridges",1785.9,53,33.7,"Iron Man",318.4
"77","Jim Broadbent",1112.7,43,25.9,"Harry Potter 6",302
"78","Matthew Broderick",1351.7,34,39.8,"Lion King",422.8
"79","Adam Brody",360.3,17,21.2,"Mr. & Mrs. Smith",186.3
"80","Adrien Brody",603.2,32,18.9,"King Kong",218.1
"81","Josh Brolin",1616.3,36,44.9,"Avengers: Age of Ultron",459
"82","Albert Brooks",1208.3,21,57.5,"Finding Dory",486.3
"83","Pierce Brosnan",1490.2,39,38.2,"Mrs. Doubtfire",219.2
"84","Chris Brown",269.4,6,44.9,"Think Like a Man",91.5
"85","Emily Browning",238.9,10,23.9,"Lemony Snicket",118.6
"86","Sandra Bullock",2462.6,35,70.4,"Minions",336
"87","Billy Burke",1719.7,15,114.6,"The Twilight Saga: Eclipse",300.5
"88","Edward Burns",370.3,13,28.5,"Saving Private Ryan",216.5
"89","Ty Burrell",444.9,10,44.5,"The Incredible Hulk",134.8
"90","Gerard Butler",1434.3,29,49.5,"How to Train Your Dragon",217.6
"91","Amanda Bynes",435.6,7,62.2,"Robots",128.2
"92","Rose Byrne",1455.1,25,58.2,"Bridesmaids",169.1
"93","Nicolas Cage",2407.1,57,42.2,"National Treasure: Book of Secrets",220
"94","Michael Caine",3396.5,59,57.6,"The Dark Knight",534.9
"95","Neve Campbell",432.8,12,36.1,"Scream",103
"96","Steve Carell",2987.7,29,103,"Despicable Me 2",368.1
"97","Jim Carrey",2545.4,28,90.9,"The Grinch",260
"98","Helena Bonham Carter",2822,36,78.4,"Harry Potter / Deathly Hallows (P2)",381
"99","Dana Carvey",241.6,7,34.5,"Wayne's World",121.7
"100","Katie Cassidy",150.4,4,37.6,"Nightmare on Elm Street",63.1
"101","James Caviezel",730.9,20,36.5,"Passion of the Christ",370.8
"102","Henry Cavill",1082.9,11,98.4,"Batman v Superman",330.4
"103","Cedric the Entertainer",1509.2,28,53.9,"Madagascar 3",216.4
"104","John Cena",322.8,7,46.1,"Trainwreck",110.2
"105","Michael Cera",763.1,15,50.9,"The LEGO Batman Movie",175.8
"106","Jackie Chan",1738.2,31,56.1,"Rush Hour 2",226.2
"107","Jay Chandrasekhar",NA,1,NA,"The Slammin' Salmon",NA
"108","Jessica Chastain",1161.1,19,61.1,"The Martian",228.4
"109","Don Cheadle",2885.5,34,84.9,"Avengers: Age of Ultron",459
"110","Cher",373.1,11,33.9,"Moonstruck",80.6
"111","Morris Chestnut",648.4,15,43.2,"Identity Thief",134.5
"112","Jay Chou",105.3,2,52.7,"The Green Hornet",98.8
"113","Erika Christensen",203.5,11,18.5,"Flightplan",89.7
"114","Hayden Christensen",867.7,10,86.8,"Revenge of the Sith",380.3
"115","Jamie Chung",570.9,9,63.4,"The Hangover Part II",254.5
"116","Thomas Haden Church",1154.4,18,64.1,"Spider-Man 3",336.5
"117","Jemaine Clement",745.1,13,57.3,"Moana",248.8
"118","George Clooney",2078.8,34,61.1,"Gravity",274.1
"119","Glenn Close",1361.1,32,42.5,"Guardians of the Galaxy",333.2
"120","Sacha Baron Cohen",1345.9,12,112.2,"Madagascar 3",216.4
"121","Toni Collette",970.4,37,26.2,"Sixth Sense",293.5
"122","Lily Collins",413.1,9,45.9,"The Blind Side",256
"123","Sean 'P. Diddy' Combs",126.4,4,31.6,"Get Him to the Greek",61
"124","Common",1292.9,19,68,"Suicide Squad",325.1
"125","Jennifer Connelly",945.9,33,28.7,"A Beautiful Mind",170.7
"126","Sean Connery",1550.6,37,41.9,"Indiana Jones and the Last Crusade",197.2
"127","Steve Coogan",1990.7,28,71.1,"Despicable Me 2",368.1
"128","Sophie Cookson",276.8,3,92.3,"Kingsman",128.3
"129","Jennifer Coolidge",551.6,14,39.4,"Legally Blonde",96.5
"130","Bradley Cooper",2947.5,26,113.4,"Guardians of the Galaxy 2",389.8
"131","Chris Cooper",1671,35,47.7,"The Amazing Spider-Man 2",202.9
"132","Dominic Cooper",563.5,18,31.3,"Captain America",176.7
"133","Sharlto Copley",573.3,10,57.3,"Maleficent",241.4
"134","Sofia Coppola",66.7,1,66.7,"The Godfather Part III",66.7
"135","John Corbett",591.7,13,45.5,"My Big Fat Greek Wedding",241.4
"136","Abbie Cornish",304.3,13,23.4,"Limitless",79.2
"137","Kevin Costner",2095.8,38,55.2,"Man of Steel",291
"138","Marion Cotillard",1183.3,20,59.2,"The Dark Knight Rises",448.1
"139","Jai Courtney",983,11,89.4,"Suicide Squad",325.1
"140","Brian Cox",1776.5,46,38.6,"X2: X-Men United",214.9
"141","Courteney Cox",579.5,14,41.4,"Bedtime Stories",110.1
"142","Tony Cox",546.9,10,54.7,"Oz The Great and Powerful",234.9
"143","Daniel Craig",1586.3,25,63.5,"Skyfall",304.4
"144","Bryan Cranston",1190,20,59.5,"Madagascar 3",216.4
"145","Chace Crawford",78.3,5,15.7,"What to Expect When You're Expecting",41.2
"146","Amanda Crew",177.8,7,25.4,"The Haunting in Connecticut",55.4
"147","Russell Crowe",1797.5,33,54.5,"Man of Steel",291
"148","Billy Crudup",954,27,35.3,"Justice League",214.7
"149","Tom Cruise",3777.3,39,96.9,"War of the Worlds",234.3
"150","Penelope Cruz",912.1,36,25.3,"Pirates of the Caribbean 4",241.1
"151","Billy Crystal",1358.6,19,71.5,"Monsters Inc.",289.9
"152","Ice Cube",1554,32,48.6,"22 Jump Street",191.7
"153","Macaulay Culkin",712.8,11,64.8,"Home Alone",285.8
"154","Rory Culkin",289.9,12,24.2,"Signs",228
"155","Benedict Cumberbatch",1764.9,16,110.3,"Thor: Ragnarok",303
"156","Kaley Cuoco",258.4,4,64.6,"Hop",108.1
"157","Jamie Lee Curtis",1064.4,33,32.3,"True Lies",146.3
"158","John Cusack",1157.6,49,23.6,"2012",166.1
"159","Miley Cyrus",321.9,4,80.5,"Bolt",114.1
"160","Willem Dafoe",1958.3,57,34.4,"Spider-Man",403.7
"161","Matt Damon",3164.5,41,77.2,"The Martian",228.4
"162","Claire Danes",552.8,23,24,"Terminator 3",150.4
"163","Anthony Daniels",3420.7,8,427.6,"Star Wars: The Force Awakens",936.7
"164","Paul Dano",601.6,26,23.1,"Cowboys & Aliens",100.2
"165","Alexa Davalos",278.7,5,55.7,"Clash of the Titans",163.2
"166","Jack Davenport",1168,9,129.8,"Dead Man's Chest",423.3
"167","Viola Davis",1315.9,25,52.6,"Suicide Squad",325.1
"168","Rosario Dawson",1110.5,37,30,"Men in Black II",190.4
"169","Charlie Day",641.4,8,80.2,"The LEGO Movie",257.8
"170","Daniel Day-Lewis",523.6,15,34.9,"Lincoln",182.2
"171","Brian De Palma",NA,1,NA,"De Palma",NA
"172","Emilie de Ravin",64,4,16,"The Hills Have Eyes",41.8
"173","Elizabeth Debicki",624.7,6,104.1,"Guardians of the Galaxy 2",389.8
"174","Brooklyn Decker",209.9,5,42,"Just Go With It",103
"175","Ellen DeGeneres",912.6,6,152.1,"Finding Dory",486.3
"176","Dane DeHaan",344.6,10,34.5,"The Amazing Spider-Man 2",202.9
"177","Thomas Dekker",112.4,5,22.5,"Nightmare on Elm Street",63.1
"178","Benicio Del Toro",948.5,31,30.6,"Guardians of the Galaxy",333.2
"179","Cara Delevigne",400,4,100,"Suicide Squad",325.1
"180","Julie Delpy",80.5,16,5,"American Werewolf in Paris",26.6
"181","Judi Dench",1943.6,35,55.5,"Skyfall",304.4
"182","Robert DeNiro",3233.7,81,39.9,"Meet the Fockers",279.3
"183","Kat Dennings",672.2,11,61.1,"Thor: The Dark World",206.4
"184","Johnny Depp",3635.6,47,77.4,"Dead Man's Chest",423.3
"185","Eugenio Derbez",373.7,10,37.4,"Beverly Hills Chihuahua",94.5
"186","Zooey Deschanel",951.2,26,36.6,"Elf",173.4
"187","Adam DeVine",359.4,4,89.8,"Pitch Perfect 2",184.3
"188","Danny DeVito",1829,46,39.8,"The Lorax",214
"189","Jenna Dewan-Tatum",100.5,4,25.1,"Step Up",65.3
"190","Rosemarie DeWitt",164.5,15,11,"The Odd Life of Timothy Green",51.9
"191","Prabhu Dheva",NA,1,NA,"ABCD (Any Body Can Dance) 2",NA
"192","Cameron Diaz",3031.7,34,89.2,"Shrek 2",441.2
"193","Leonardo DiCaprio",2519,25,100.8,"Titanic",659.4
"194","Vin Diesel",2813.8,22,127.9,"Guardians of the Galaxy 2",389.8
"195","Matt Dillon",856,39,21.9,"Something About Mary",176.5
"196","Snoop Dogg",281.4,8,35.2,"Starsky and Hutch",88.2
"197","Martin Donovan",186.2,21,8.9,"Insomnia",67.4
"198","Portia Doubleday",88.6,4,22.2,"Big Mommas: Like Father Like Son",37.9
"199","Michael Douglas",1776.9,36,49.4,"Ant-Man",180.2
"200","Robert Downey Jr.",4281.6,54,79.3,"The Avengers",623.4
"201","David Duchovny",285.6,19,15,"X-Files",83.9
"202","Hilary Duff",402.3,10,40.2,"Cheaper by the Dozen",138.6
"203","Josh Duhamel",1466.3,14,104.7,"Transformers 2",402.1
"204","Clark Duke",466.9,9,51.9,"The Croods",187.2
"205","Michael Clarke Duncan",1201.7,21,57.2,"Armageddon",201.6
"206","Kirsten Dunst",1940.4,34,57.1,"Spider-Man",403.7
"207","Jay Duplass",8.1,2,4,"Beatriz At Dinner",7.1
"208","Mark Duplass",114.9,5,23,"Tammy",84.5
"209","Robert Duvall",1814.4,55,33,"Deep Impact",140.5
"210","Michael Ealy",645.6,13,49.7,"Think Like a Man",91.5
"211","Clint Eastwood",1710.9,46,37.2,"Gran Torino",148.1
"212","Aaron Eckhart",1450.1,31,46.8,"The Dark Knight",534.9
"213","Zac Efron",1021.9,20,51.1,"The Lorax",214
"214","Taron Egerton",518.2,6,86.4,"Sing",270.3
"215","Colin Egglesfield",39.1,2,19.6,"Something Borrowed",39
"216","Jesse Eisenberg",1221.8,27,45.3,"Batman v Superman",330.4
"217","Chiwetel Ejiofor",1127.5,19,59.3,"Doctor Strange",232.6
"218","Idris Elba",2968.6,30,99,"Avengers: Age of Ultron",459
"219","Ansel Elgort",616,7,88,"Divergent",150.9
"220","Sam Elliott",718.8,23,31.3,"Hulk",132.2
"221","Cary Elwes",1297.8,30,43.3,"Twister",241.7
"222","Mireille Enos",263.3,3,87.8,"World War Z",202.4
"223","Omar Epps",395.5,16,24.7,"Scream 2",101.4
"224","Chris Evans",2482.6,24,103.4,"The Avengers",623.4
"225","Luke Evans",1509.7,12,125.8,"Beauty and the Beast",504
"226","Alice Eve",567.4,15,37.8,"Star Trek Into Darkness",228.8
"227","Dakota Fanning",1408.2,23,61.2,"The Twilight Saga: Eclipse",300.5
"228","Elle Fanning",686.2,18,38.1,"Maleficent",241.4
"229","Anna Faris",1516.5,22,68.9,"Alvin and the Chipmunks 2",219.6
"230","Chris Farley",129.7,6,21.6,"Tommy Boy",32.7
"231","Vera Farmiga",777.7,24,32.4,"The Conjuring",137.4
"232","Colin Farrell",1363.3,36,37.9,"Fantastic Beasts and Where To Find Them",234
"233","Michael Fassbender",1286.4,27,47.6,"X-Men: Days of Future Past",233.9
"234","Jon Favreau",1679.4,19,88.4,"Iron Man 3",409
"235","Rebecca Ferguson",602.5,7,86.1,"M:I - Rogue Nation",195
"236","Shiloh Fernandez",102.5,7,14.6,"Evil Dead (2013)",54.2
"237","Will Ferrell",2285,33,69.2,"The LEGO Movie",257.8
"238","America Ferrera",574.6,14,41,"How to Train Your Dragon",217.6
"239","Tina Fey",640.8,11,58.3,"Megamind",148.4
"240","Sally Field",2075.6,28,74.1,"Forrest Gump",330.3
"241","Ralph Fiennes",2903.1,37,78.5,"Harry Potter / Deathly Hallows (P2)",381
"242","Jessica Brown Findlay",18.4,2,9.2,"Winter's Tale",12.6
"243","Colin Firth",1229,34,36.1,"Mamma Mia!",144.1
"244","Jenna Fischer",189.9,9,21.1,"Blades of Glory",118.6
"245","Laurence Fishburne",2411.6,39,61.8,"Batman v Superman",330.4
"246","Carrie Fisher",2258.5,17,132.9,"Star Wars: The Force Awakens",936.7
"247","Isla Fisher",1134.8,18,63,"Wedding Crashers",209.3
"248","Dan Fogler",589.5,12,49.1,"Fantastic Beasts and Where To Find Them",234
"249","Harrison Ford",4963.1,42,118.2,"Star Wars: The Force Awakens",936.7
"250","Will Forte",546,14,39,"The LEGO Movie",257.8
"251","Ben Foster",543.5,23,23.6,"Lone Survivor",125.1
"252","Jodie Foster",1051.8,26,40.5,"Silence of the Lambs",130.7
"253","Megan Fox",1098.9,10,109.9,"Transformers 2",402.1
"254","Jamie Foxx",2154,31,69.5,"The Amazing Spider-Man 2",202.9
"255","Claire Foy",33.1,3,11,"Season of the Witch",24.8
"256","Cecile de France",67.4,10,6.7,"Hereafter",32.7
"257","Dave Franco",915.2,11,83.2,"The LEGO Movie",257.8
"258","James Franco",2271.9,42,54.1,"Spider-Man",403.7
"259","Brendan Fraser",1105.6,29,38.1,"Mummy Returns",202
"260","Martin Freeman",1429.7,13,110,"Captain America 3",408.1
"261","Morgan Freeman",4520.1,63,71.7,"The Dark Knight",534.9
"262","Anna Friel",169.4,11,15.4,"Limitless",79.2
"263","Nick Frost",443.7,12,37,"Snow White and the Huntsman",155.3
"264","Josh Gad",1478.4,15,98.6,"Beauty and the Beast",504
"265","Gal Gadot",1778.6,11,161.7,"Wonder Woman",412.6
"266","Zach Galifianakis",1542.5,20,77.1,"The Hangover",277.3
"267","Kyle Gallner",596,14,42.6,"American Sniper",350.1
"268","Vincent Gallo",5.1,8,NA,"Buffalo '66",2.4
"269","James Gandolfini",578.2,28,20.6,"Crimson Tide",91.4
"270","Romola Garai",134.4,11,12.2,"Atonement",50.9
"271","Andrew Garfield",663.5,12,55.3,"The Amazing Spider-Man",262
"272","James Garner",481.5,13,37,"Maverick",101.6
"273","Jennifer Garner",1000.8,23,43.5,"Juno",143.5
"274","Sarah Michelle Gellar",627.4,13,48.3,"Scooby-Doo",153.3
"275","Richard Gere",1413.9,44,32.1,"Pretty Woman",178.4
"276","Ricky Gervais",764.6,10,76.5,"Night at the Museum",250.9
"277","Greta Gerwig",156.2,17,9.2,"No Strings Attached",70.7
"278","Paul Giamatti",1904.5,46,41.4,"The Hangover Part II",254.5
"279","Mel Gibson",2206.3,35,63,"Signs",228
"280","Tyrese Gibson",2565.6,17,150.9,"Transformers 2",402.1
"281","Cam Gigandet",534.1,12,44.5,"Twilight",192.8
"282","Karen Gillan",771.2,5,154.2,"Guardians of the Galaxy 2",389.8
"283","Brendan Gleeson",1838.5,45,40.9,"Harry Potter / Goblet of Fire",290
"284","Danny Glover",1565.7,43,36.4,"2012",166.1
"285","Jeff Goldblum",1779.5,23,77.4,"Jurassic Park",402.5
"286","Selena Gomez",392.1,7,56,"Hotel Transylvania 2",169.7
"287","Matthew Goode",305.9,13,23.5,"Watchmen",107.5
"288","Cuba Gooding Jr.",1335,28,47.7,"Pearl Harbor",198.5
"289","John Goodman",2230.8,40,55.8,"Monsters Inc.",289.9
"290","Ginnifer Goodwin",657.3,9,73,"Zootopia",341.3
"291","Keith Gordon",91.3,1,91.3,"Back to School",91.3
"292","Zachary Gordon",165.7,3,55.2,"Diary of a Wimpy Kid",64
"293","Joseph Gordon-Levitt",1578.6,34,46.4,"The Dark Knight Rises",448.1
"294","Ryan Gosling",753.3,22,34.2,"La La Land",151.1
"295","Topher Grace",796,13,61.2,"Spider-Man 3",336.5
"296","Kelsey Grammer",684.2,12,57,"Transformers 4",245.4
"297","Hugh Grant",930.5,28,33.2,"Notting Hill",116.1
"298","Eva Green",574.9,12,47.9,"Casino Royale",167.4
"299","Seth Green",962.8,20,48.1,"Goldmember",213.3
"300","Ashley Greene",1368.8,11,124.4,"The Twilight Saga: Eclipse",300.5
"301","Clark Gregg",1609.7,16,100.6,"The Avengers",623.4
"302","Frank Grillo",1304.5,16,81.5,"Captain America 3",408.1
"303","Rupert Grint",2390.5,13,183.9,"Harry Potter / Deathly Hallows (P2)",381
"304","Ioan Gruffudd",631.3,15,42.1,"San Andreas",155.2
"305","Christopher Guest",182.8,2,91.4,"Night at the Museum II",177.2
"306","Carla Gugino",1419.1,26,54.6,"Night at the Museum",250.9
"307","Ryan Guzman",85.4,3,28.5,"The Boy Next Door",35.4
"308","Jake Gyllenhaal",933.2,27,34.6,"The Day After Tomorrow",186.7
"309","Maggie Gyllenhaal",976.9,26,37.6,"The Dark Knight",534.9
"310","Lukas Haas",443.2,22,20.1,"The Revenant",183.6
"311","Corey Haim",141.1,10,14.1,"The Lost Boys",32.2
"312","Jackie Earle Haley",639.6,16,40,"Shutter Island",128
"313","Rebecca Hall",734.9,19,38.7,"Iron Man 3",409
"314","Regina Hall",1059.9,18,58.9,"Scary Movie",157
"315","Mark Hamill",2176.9,12,181.4,"Star Wars: The Force Awakens",936.7
"316","Linda Hamilton",332.3,6,55.4,"Terminator 2",205.9
"317","Jon Hamm",845.1,14,60.4,"Minions",336
"318","Armie Hammer",516.9,11,47,"Cars 3",152.9
"319","Tom Hanks",4523.1,47,96.2,"Toy Story 3",415
"320","Tom Hardy",1463.6,19,77,"The Dark Knight Rises",448.1
"321","Woody Harrelson",3016.9,56,53.9,"Catching Fire",424.7
"322","Ed Harris",1793,51,35.2,"National Treasure: Book of Secrets",220
"323","Jamie Harris",314.4,7,44.9,"Rise of the Planet of the Apes",176.8
"324","Jared Harris",851.5,27,31.5,"Sherlock Holmes 2",186.8
"325","Naomie Harris",1563,18,86.8,"Dead Man's Chest",423.3
"326","Neil Patrick Harris",811.5,14,58,"Gone Girl",167.8
"327","Kevin Hart",1517.6,22,69,"The Secret Life of Pets",368.4
"328","Josh Hartnett",678.7,19,35.7,"Pearl Harbor",198.5
"329","Anne Hathaway",2419.5,26,93.1,"The Dark Knight Rises",448.1
"330","Rutger Hauer",286.7,27,10.6,"Sin City",74.1
"331","Ethan Hawke",830.1,47,17.7,"Dead Poets Society",95.9
"332","Sally Hawkins",344.6,17,20.3,"Godzilla",200.7
"333","Goldie Hawn",665.4,18,37,"First Wives Club",105.5
"334","Salma Hayek",1092.5,22,49.7,"Grown Ups",162
"335","Lena Headey",554.3,22,25.2,"300",210.6
"336","Amber Heard",505.1,16,31.6,"Justice League",214.7
"337","Jon Heder",348.2,10,34.8,"Blades of Glory",118.6
"338","Garrett Hedlund",598.2,13,46,"Tron Legacy",172.1
"339","Katherine Heigl",785.4,18,43.6,"Knocked Up",148.8
"340","Ed Helms",1205.9,13,92.8,"The Hangover",277.3
"341","Chris Hemsworth",2326.1,16,145.4,"The Avengers",623.4
"342","Liam Hemsworth",1792,11,162.9,"Catching Fire",424.7
"343","Lance Henriksen",548.4,24,22.9,"Scream 3",89.1
"344","Taraji P. Henson",1094,20,54.7,"The Karate Kid",176.6
"345","Katharine Hepburn",194.2,4,48.6,"On Golden Pond",119.3
"346","Werner Herzog",80.4,4,20.1,"Jack Reacher",80.1
"347","Grant Heslov",67.1,1,67.1,"Dante's Peak",67.1
"348","Jennifer Love Hewitt",333.6,12,27.8,"Garfield",75.4
"349","Tom Hiddleston",1654.6,14,118.2,"The Avengers",623.4
"350","Freddie Highmore",404.7,10,40.5,"Charlie and the Chocolate Factory",206.5
"351","Jonah Hill",2620.1,29,90.3,"The LEGO Movie",257.8
"352","Kristofer Hivju",304.6,5,60.9,"Fate of the Furious",225.8
"353","Dustin Hoffman",2522.1,43,58.7,"Meet the Fockers",279.3
"354","Philip Seymour Hoffman",2463.7,40,61.6,"Catching Fire",424.7
"355","Boyd Holbrook",284.3,5,56.9,"Logan",226.3
"356","Tom Holland",815.5,7,116.5,"Captain America 3",408.1
"357","Ian Holm",1307.6,30,43.6,"Return of the King",377.8
"358","Katie Holmes",601.5,23,26.2,"Batman Begins",206.9
"359","Anthony Hopkins",2468.7,57,43.3,"Thor: Ragnarok",303
"360","Cody Horn",154.9,4,38.7,"Magic Mike",113.7
"361","Thomas Horn",31.8,1,31.8,"Extremely Loud & Incredibly Close",31.8
"362","Julianne Hough",236.7,5,47.3,"Safe Haven",71.3
"363","Nicholas Hoult",887.6,14,63.4,"X-Men: Days of Future Past",233.9
"364","Djimon Hounsou",1487,19,78.3,"Furious 7",353
"365","Whitney Houston",261.6,4,65.4,"Bodyguard",122
"366","Bryce Dallas Howard",1591.6,11,144.7,"Jurassic World",652.3
"367","Ron Howard",139.1,4,34.8,"American Graffiti",115
"368","Terrence Howard",1399,34,41.1,"Iron Man",318.4
"369","Vanessa Hudgens",287.5,9,31.9,"Journey 2",103.9
"370","Kate Hudson",827.5,27,30.6,"Kung Fu Panda 3",143.5
"371","Bonnie Hunt",1741.7,19,91.7,"Zootopia",341.3
"372","Helen Hunt",996.9,20,49.8,"Twister",241.7
"373","Holly Hunter",1130,29,39,"Batman v Superman",330.4
"374","Rosie Huntington-Whiteley",506.4,2,253.2,"Transformers 3",352.4
"375","William Hurt",1360.5,30,45.4,"Captain America 3",408.1
"376","Josh Hutcherson",2104.6,18,116.9,"Catching Fire",424.7
"377","Rhys Ifans",700.2,28,25,"The Amazing Spider-Man",262
"378","Dustin Ingram",104.1,2,52,"Paranormal Activity 3",104
"379","Jeremy Irons",1461.8,28,52.2,"Lion King",422.8
"380","Max Irons",98.2,5,19.6,"Red Riding Hood",37.7
"381","Oscar Isaac",1347.9,17,79.3,"Star Wars: The Force Awakens",936.7
"382","Tony Jaa",414.6,8,51.8,"Furious 7",353
"383","Hugh Jackman",2515.5,26,96.7,"X-Men: The Last Stand",234.4
"384","Brandon T. Jackson",407.9,8,51,"Tropic Thunder",110.5
"385","Quinton 'Rampage' Jackson",77.3,3,25.8,"The A-Team",77.2
"386","Samuel L. Jackson",5149.1,73,70.5,"The Avengers",623.4
"387","Kevin James",1390,13,106.9,"Hitch",179.5
"388","Theo James",440,5,88,"Divergent",150.9
"389","Thomas Jane",208.5,17,12.3,"Deep Blue Sea",73.6
"390","Allison Janney",1118.3,21,53.3,"Minions",336
"391","Famke Janssen",1428.6,31,46.1,"X-Men: The Last Stand",234.4
"392","Jim Jarmusch",1.3,1,1.3,"Blue in the Face",1.3
"393","Scarlett Johansson",3674.9,40,91.9,"The Avengers",623.4
"394","Aaron Johnson",874.3,12,72.9,"Avengers: Age of Ultron",459
"395","Dwayne Johnson",2807.4,26,108,"Furious 7",353
"396","Jake Johnson",811.1,9,90.1,"Jurassic World",652.3
"397","Angelina Jolie",2179.5,32,68.1,"Maleficent",241.4
"398","Nick Jonas",NA,1,NA,"Goat",NA
"399","Felicity Jones",622.7,14,44.5,"Rogue One",532.2
"400","January Jones",378.1,9,42,"X-Men: First Class",146.4
"401","Rashida Jones",357.9,11,32.5,"The Social Network",97
"402","Tommy Lee Jones",2697.4,47,57.4,"Men in Black",250.7
"403","Michael B. Jordan",272.6,5,54.5,"Creed",109.8
"404","Seu Jorge",36.1,7,5.2,"The Life Aquatic",24
"405","Milla Jovovich",531,25,21.2,"Fifth Element",63.8
"406","Ashley Judd",1044.2,28,37.3,"Divergent",150.9
"407","Miranda July",4.5,2,2.2,"Me and You and Everyone We Know",3.9
"408","Mindy Kaling",470.9,3,157,"Inside Out",356.5
"409","Philip Kaufman",163.2,8,20.4,"Rising Sun",63.2
"410","Zoe Kazan",240.1,16,15,"It's Complicated",112.7
"411","Diane Keaton",1239.2,37,33.5,"The Godfather",135
"412","Michael Keaton",2509.6,38,66,"Toy Story 3",415
"413","Minka Kelly",38.4,2,19.2,"The Roommate",37.3
"414","Alex Kendrick",78.2,3,26.1,"Courageous",34.5
"415","Anna Kendrick",964.8,22,43.9,"Pitch Perfect 2",184.3
"416","Irrfan Khan",1221.3,8,152.7,"Jurassic World",652.3
"417","Nicole Kidman",1730.7,47,36.8,"Happy Feet",198
"418","Val Kilmer",1041.3,35,29.8,"Batman Forever",184
"419","Joey King",722.2,10,72.2,"Oz The Great and Powerful",234.9
"420","Ben Kingsley",2066,52,39.7,"Iron Man 3",409
"421","Greg Kinnear",1154.4,36,32.1,"As Good as It Gets",148.5
"422","Rory Kinnear",NA,1,NA,"Trespass Against Us",NA
"423","Taylor Kitsch",606,10,60.6,"X-Men Origins: Wolverine",179.9
"424","Chris Klein",481.6,14,34.4,"American Pie 2",145.1
"425","Kevin Kline",1496,40,37.4,"Beauty and the Beast",504
"426","Keira Knightley",1564.7,25,62.6,"Dead Man's Chest",423.3
"427","Beyonce Knowles",613.1,7,87.6,"Goldmember",213.3
"428","Johnny Knoxville",931.2,16,58.2,"Ninja Turtles",191.2
"429","Boris Kodjoe",286.4,8,35.8,"Madea's Family Reunion",63.3
"430","John Krasinski",415.3,18,23.1,"It's Complicated",112.7
"431","Peter Krause",155.6,4,38.9,"Truman Show",125.6
"432","Lenny Kravitz",996.9,4,249.2,"Catching Fire",424.7
"433","Lisa Kudrow",688.4,21,32.8,"The Boss Baby",175
"434","Mila Kunis",1168,18,64.9,"Oz The Great and Powerful",234.9
"435","Olga Kurylenko",391.7,12,32.6,"Quantum of Solace",168.4
"436","Ashton Kutcher",957.2,19,50.4,"Cheaper by the Dozen",138.6
"437","Shia LaBeouf",2129.2,21,101.4,"Transformers 2",402.1
"438","Diane Lane",2005,42,47.7,"Inside Out",356.5
"439","Jessica Lange",410.9,13,31.6,"Tootsie",177.2
"440","Frank Langella",679.5,32,21.2,"Superman Returns",200.1
"441","Larry the Cable Guy",617,7,88.1,"Cars",244.1
"442","Brie Larson",509.6,9,56.6,"Kong: Skull Island",168.1
"443","Ali Larter",552.7,12,46.1,"Legally Blonde",96.5
"444","Sanaa Lathan",488.8,15,32.6,"Alien Vs. Predator",80.3
"445","Queen Latifah",2049.9,31,66.1,"Ice Age 3",196.6
"446","Melanie Laurent",245.8,6,41,"Inglourious Basterds",120.5
"447","Hugh Laurie",890.3,17,52.4,"Monsters Vs. Aliens",198.4
"448","Taylor Lautner",1482.2,8,185.3,"The Twilight Saga: Eclipse",300.5
"449","Jude Law",1671.1,40,41.8,"Sherlock Holmes",209
"450","Jennifer Lawrence",2486.7,19,130.9,"Catching Fire",424.7
"451","Martin Lawrence",1291,24,53.8,"Wild Hogs",168.3
"452","Sharon Leal",297.3,7,42.5,"Dreamgirls",103.4
"453","Matt LeBlanc",73.6,3,24.5,"Lost in Space",69.1
"454","Heath Ledger",955.6,15,63.7,"The Dark Knight",534.9
"455","Christopher Lee",1666.4,8,208.3,"Revenge of the Sith",380.3
"456","John Leguizamo",1982,53,37.4,"Ice Age 3",196.6
"457","Melissa Leo",778.2,30,25.9,"The Equalizer",101.5
"458","Tea Leoni",730.2,13,56.2,"Jurassic Park III",181.2
"459","Logan Lerman",505.9,14,36.1,"Noah",101.2
"460","Jared Leto",630.5,12,52.5,"Suicide Squad",325.1
"461","Tracy Letts",31,6,5.2,"Lady Bird",23.5
"462","Zachary Levi",697,5,139.4,"Alvin and the Chipmunks 2",219.6
"463","Jet Li",822.2,18,45.7,"Lethal Weapon 4",130.4
"464","Matthew Lillard",716.7,25,28.7,"Scooby-Doo",153.3
"465","Evangeline Lilly",779.2,4,194.8,"The Hobbit 2",258.4
"466","Laura Linney",979.3,37,26.5,"Truman Show",125.6
"467","Lucy Liu",1038.3,18,57.7,"Kung Fu Panda",215.4
"468","Blake Lively",485,11,44.1,"Green Lantern",116.6
"469","Ron Livingston",485.8,27,18,"The Conjuring",137.4
"470","Lindsay Lohan",492.4,15,32.8,"Freaky Friday",110.2
"471","Justin Long",1541,35,44,"Alvin and the Chipmunks 2",219.6
"472","Nia Long",796.5,22,36.2,"Big Momma's House",117.6
"473","Jennifer Lopez",1254.4,27,46.5,"Home",177.4
"474","Rob Lowe",673,24,28,"The Spy Who Shagged Me",206
"475","Jessica Lucas",229.3,5,45.9,"Cloverfield",80
"476","Josh Lucas",791.1,24,33,"A Beautiful Mind",170.7
"477","Derek Luke",582.8,17,34.3,"Captain America",176.7
"478","Diego Luna",887,15,59.1,"Rogue One",532.2
"479","Kellan Lutz",1482.8,16,92.7,"The Twilight Saga: Eclipse",300.5
"480","David Lynch",NA,1,NA,"Lucky (2017)",NA
"481","Bernie Mac",989.6,14,70.7,"Ocean's Eleven",183.4
"482","Seth MacFarlane",777.5,7,111.1,"Sing",270.3
"483","Anthony Mackie",1869.2,33,56.6,"Avengers: Age of Ultron",459
"484","William H. Macy",1246.2,38,32.8,"Jurassic Park III",181.2
"485","Madonna",349.3,14,24.9,"League of Their Own",107.5
"486","Virginia Madsen",476,31,15.4,"Sideways",71.5
"487","Tobey Maguire",1537.5,14,109.8,"Spider-Man",403.7
"488","John Malkovich",1549.6,50,31,"Transformers 3",352.4
"489","Jena Malone",1320.9,23,57.4,"Catching Fire",424.7
"490","Leslie Mann",1474.8,25,59,"Big Daddy",163.5
"491","Thomas Mann",307.4,7,43.9,"Kong: Skull Island",168.1
"492","Kate Mara",450.8,14,32.2,"The Martian",228.4
"493","Rooney Mara",485.8,19,25.6,"Girl with the Dragon Tattoo",102.5
"494","Brit Marling",17.2,7,2.5,"Arbitrage",7.9
"495","James Marsden",1845.3,32,57.7,"X-Men: The Last Stand",234.4
"496","Garry Marshall",67.2,1,67.2,"Race to Witch Mountain",67.2
"497","Demetri Martin",17.6,4,4.4,"Taking Woodstock",7.5
"498","Steve Martin",1786,37,48.3,"Home",177.4
"499","Peter Mayhew",1997.4,4,499.4,"Star Wars: The Force Awakens",936.7
"500","Rachel McAdams",1624.7,24,67.7,"Doctor Strange",232.6
"501","Callan McAuliffe",56.9,3,19,"I Am Number Four",55.1
"502","James McAvoy",1131.7,22,51.4,"X-Men: Days of Future Past",233.9
"503","Danny McBride",809.7,18,45,"Tropic Thunder",110.5
"504","Melissa McCarthy",1111.6,13,85.5,"Bridesmaids",169.1
"505","Matthew McConaughey",1925.9,38,50.7,"Sing",270.3
"506","Ian McDiarmid",1474.8,4,368.7,"The Phantom Menace",474.5
"507","Frances McDormand",1350.4,35,38.6,"Transformers 3",352.4
"508","Ewan McGregor",2593.6,48,54,"Beauty and the Beast",504
"509","Ian McKellen",3654.4,32,114.2,"Beauty and the Beast",504
"510","Katherine McPhee",67.1,2,33.6,"The House Bunny",48.2
"511","Leighton Meester",264,10,26.4,"Date Night",98.7
"512","Carlos Mencia",57,2,28.5,"The Heartbreak Kid",36.8
"513","Eva Mendes",873.4,19,46,"Hitch",179.5
"514","Scott Mescudi",43.7,3,14.6,"Need for Speed",43.6
"515","Chris Messina",221.2,18,12.3,"Julie & Julia",94.1
"516","Breckin Meyer",433.6,12,36.1,"Garfield",75.4
"517","Jonathan Rhys Meyers",335.9,17,19.8,"Mission: Impossible III",134
"518","Alyson Michalka",100.9,3,33.6,"Easy A",58.4
"519","Bette Midler",754.5,20,37.7,"First Wives Club",105.5
"520","Mads Mikkelsen",1171.8,15,78.1,"Rogue One",532.2
"521","Ezra Miller",585.9,11,53.3,"Fantastic Beasts and Where To Find Them",234
"522","Nicki Minaj",137.9,2,69,"The Other Woman",83.9
"523","Christopher Mintz-Plasse",1118.9,13,86.1,"How to Train Your Dragon",217.6
"524","Helen Mirren",1546.6,46,33.6,"Monsters University",268.5
"525","John Cameron Mitchell",9.3,3,3.1,"Band of the Hand",4.9
"526","Radha Mitchell",600,24,25,"Olympus Has Fallen",98.9
"527","Alfred Molina",1173.7,41,28.6,"Spider-Man 2",373.6
"528","Jason Momoa",245.7,5,49.1,"Justice League",214.7
"529","Michelle Monaghan",719.3,19,37.9,"Mission: Impossible III",134
"530","Demi Moore",1025.3,32,32,"Ghost",217.6
"531","Joel David Moore",915.1,14,65.4,"Avatar",760.5
"532","Julianne Moore",2080.2,58,35.9,"Mockingjay Part 1",337.1
"533","Mandy Moore",465.8,13,35.8,"Tangled",200.8
"534","Michael Moore",NA,1,NA,"Michael Moore In TrumpLand",NA
"535","Roger Moore",587.8,15,39.2,"The Cannonball Run",72.2
"536","Chloe Moretz",786.7,20,39.3,"The Equalizer",101.5
"537","Jeffrey Dean Morgan",289.6,14,20.7,"Watchmen",107.5
"538","Tracy Morgan",521.5,14,37.3,"Rio 2",131.5
"539","Viggo Mortensen",1530.3,29,52.8,"Return of the King",377.8
"540","Carrie-Anne Moss",872.5,17,51.3,"The Matrix Reloaded",281.6
"541","Elisabeth Moss",134.1,17,7.9,"Get Him to the Greek",61
"542","Bridget Moynahan",696.6,13,53.6,"I Robot",144.8
"543","Carey Mulligan",320,11,29.1,"The Great Gatsby",144.8
"544","Frankie Muniz",233,7,33.3,"Racing Stripes",49.8
"545","Brittany Murphy",706.9,16,44.2,"Happy Feet",198
"546","Cillian Murphy",899.8,18,50,"Inception",292.6
"547","Eddie Murphy",3811.1,39,97.7,"Shrek 2",441.2
"548","Bill Murray",2054.5,43,47.8,"The Jungle Book",364
"549","Mike Myers",2211.4,15,147.4,"Shrek 2",441.2
"550","Naturi Naughton",47.2,2,23.6,"Lottery Ticket",24.7
"551","Liam Neeson",2954.4,66,44.8,"The Phantom Menace",474.5
"552","Craig T. Nelson",1122.1,21,53.4,"The Incredibles",261.4
"553","Paul Newman",1082,20,54.1,"Cars",244.1
"554","Thandie Newton",904,23,39.3,"Mission: Impossible II",215.4
"555","Mike Nichols",NA,1,NA,"The Designated Mourner",NA
"556","Jack Nicholson",1795.5,34,52.8,"Batman",251.2
"557","Leslie Nielsen",617.9,19,32.5,"Scary Movie 3",110
"558","Leonard Nimoy",820.3,11,74.6,"Star Trek",257.7
"559","Chuck Norris",279.7,17,16.5,"The Expendables 2",85
"560","Dean Norris",76.7,7,11,"Fist Fight",32.2
"561","Edward Norton",1071.7,25,42.9,"The Incredible Hulk",134.8
"562","Lupita Nyong'o",1458.4,5,291.7,"Star Wars: The Force Awakens",936.7
"563","Michael Nyqvist",303.6,9,33.7,"Mission: Impossible 4",209.4
"564","Jack O'Connell",269.1,9,29.9,"Unbroken",115.6
"565","Chris O'Donnell",779.3,19,41,"Batman Forever",184
"566","Jason O'Mara",77.3,3,25.8,"Resident Evil: Extinction",50.6
"567","Sophie Okonedo",103.5,7,14.8,"The Secret Life of Bees",37.8
"568","Gary Oldman",3378.8,41,82.4,"The Dark Knight",534.9
"569","Elizabeth Olsen",1126.6,15,75.1,"Avengers: Age of Ultron",459
"570","Mary-Kate Olsen",63.5,4,15.9,"Beastly",27.9
"571","Timothy Olyphant",696,22,31.6,"Live Free or Die Hard",134.5
"572","Clive Owen",547,26,21,"Inside Man",88.5
"573","David Oyelowo",517,14,36.9,"Rise of the Planet of the Apes",176.8
"574","Al Pacino",1457.3,39,37.4,"The Godfather",135
"575","Ellen Page",730.9,16,45.7,"Inception",292.6
"576","Adrianne Palicki",210.4,4,52.6,"G.I. Joe: Retaliation",122.5
"577","Teresa Palmer",536.1,17,31.5,"Bedtime Stories",110.1
"578","Gwyneth Paltrow",1834,33,55.6,"Iron Man 3",409
"579","Hayden Panettiere",338.4,12,28.2,"Remember the Titans",115.7
"580","Anna Paquin",997.6,19,52.5,"X-Men: The Last Stand",234.4
"581","Sarah Jessica Parker",990.6,28,35.4,"Sex and the City",152.6
"582","Trey Parker",264.6,1,264.6,"Despicable Me 3",264.6
"583","Dev Patel",439.8,8,55,"Slumdog Millionaire",141.3
"584","Robert Pattinson",1744.8,15,116.3,"The Twilight Saga: Eclipse",300.5
"585","Paula Patton",622.1,13,47.9,"Mission: Impossible 4",209.4
"586","Sarah Paulson",216,12,18,"12 Years a Slave",56.7
"587","Bill Paxton",1550.6,18,86.1,"Titanic",659.4
"588","Guy Pearce",1212.5,33,36.7,"Iron Man 3",409
"589","Jordan Peele",167.2,3,55.7,"Captain Underpants",73.9
"590","Amanda Peet",882,26,33.9,"2012",166.1
"591","Simon Pegg",2620.1,20,131,"Star Wars: The Force Awakens",936.7
"592","Kal Penn",415.2,13,31.9,"Superman Returns",200.1
"593","Sean Penn",867.6,39,22.2,"Angry Birds",107.5
"594","Piper Perabo",581.2,16,36.3,"Cheaper by the Dozen",138.6
"595","Ron Perlman",942,23,41,"Fantastic Beasts and Where To Find Them",234
"596","Alex Ross Perry",NA,1,NA,"7 Chinese Brothers",NA
"597","Matthew Perry",200.9,7,28.7,"17 Again",64.2
"598","Tyler Perry",1102.6,19,58,"Gone Girl",167.8
"599","Alex Pettyfer",259.4,7,37.1,"Magic Mike",113.7
"600","Michelle Pfeiffer",1543.4,38,40.6,"Batman Returns",162.8
"601","Ryan Phillippe",414.7,17,24.4,"I Know What You Did Last Summer",72.6
"602","Joaquin Phoenix",1013.2,27,37.5,"Signs",228
"603","Rosamund Pike",706.8,19,37.2,"Gone Girl",167.8
"604","Chris Pine",1750.4,20,87.5,"Wonder Woman",412.6
"605","Jada Pinkett-Smith",1927.7,24,80.3,"The Matrix Reloaded",281.6
"606","Freida Pinto",406.2,8,50.8,"Rise of the Planet of the Apes",176.8
"607","Brad Pitt",2721.1,42,64.8,"World War Z",202.4
"608","Aubrey Plaza",178.5,13,13.7,"Funny People",51.9
"609","Jesse Plemons",400.4,13,30.8,"Bridge of Spies",72.3
"610","Christopher Plummer",1191.9,29,41.1,"National Treasure",173
"611","Sydney Pollack",533.3,10,53.3,"Tootsie",177.2
"612","Sarah Polley",116.2,19,6.1,"Dawn of the Dead",59
"613","Imogen Poots",136.6,17,8,"Need for Speed",43.6
"614","Natalie Portman",2077.6,30,69.3,"The Phantom Menace",474.5
"615","Parker Posey",599.7,33,18.2,"Superman Returns",200.1
"616","Franka Potente",360,9,40,"The Bourne Supremacy",176.2
"617","Bel Powley",1.8,5,NA,"The Diary of a Teenage Girl",1.5
"618","Chris Pratt",2083.2,15,138.9,"Jurassic World",652.3
"619","Freddie Prinze Jr.",518.7,16,32.4,"Scooby-Doo",153.3
"620","Jonathan Pryce",1572.2,33,47.6,"Dead Man's Chest",423.3
"621","James Purefoy",187.9,6,31.3,"John Carter",73.1
"622","Dennis Quaid",1751.8,56,31.3,"The Day After Tomorrow",186.7
"623","Randy Quaid",948.7,38,25,"Independence Day",306.2
"624","Daniel Radcliffe",2634.4,17,155,"Harry Potter / Deathly Hallows (P2)",381
"625","Josh Radnor",NA,3,NA,"Liberal Arts",NA
"626","Edgar Ramirez",620.3,11,56.4,"The Bourne Ultimatum",227.5
"627","Harold Ramis",11.6,1,11.6,"The Last Kiss (2006)",11.6
"628","Noomi Rapace",359.2,9,39.9,"Sherlock Holmes 2",186.8
"629","Emily Ratajkowski",3.6,1,3.6,"We Are Your Friends",3.6
"630","Jackson Rathbone",1302.5,5,260.5,"The Twilight Saga: Eclipse",300.5
"631","Max Records",107.7,2,53.8,"Where the Wild Things Are",77.2
"632","Lance Reddick",120.6,6,20.1,"Don't Say a Word",55
"633","Robert Redford",1643.4,31,53,"Captain America 2",259.8
"634","Eddie Redmayne",519,9,57.7,"Fantastic Beasts and Where To Find Them",234
"635","Crystal Reed",21.5,2,10.7,"Skyline",21.4
"636","Christopher Reeve",427.6,15,28.5,"Superman",134.2
"637","Keanu Reeves",1959.4,46,42.6,"The Matrix Reloaded",281.6
"638","John C. Reilly",1980.7,37,53.5,"Guardians of the Galaxy",333.2
"639","Rob Reiner",116.9,1,116.9,"The Wolf of Wall Street",116.9
"640","Jeremy Renner",2634.7,23,114.6,"The Avengers",623.4
"641","Ryan Reynolds",1752.2,33,53.1,"Deadpool",363.1
"642","Giovanni Ribisi",1928.4,32,60.3,"Avatar",760.5
"643","Christina Ricci",743.7,35,21.2,"Addams Family",113.5
"644","Denise Richards",365.6,12,30.5,"World Is Not Enough",126.9
"645","Alan Rickman",1783.4,27,66.1,"Harry Potter / Deathly Hallows (P2)",381
"646","Daisy Ridley",1031.1,2,515.6,"Star Wars: The Force Awakens",936.7
"647","Rob Riggle",906.8,12,75.6,"The Lorax",214
"648","Noah Ringer",131.8,1,131.8,"The Last Airbender",131.8
"649","AnnaSophia Robb",272.7,8,34.1,"Bridge to Terabithia",82.3
"650","Margot Robbie",663,9,73.7,"Suicide Squad",325.1
"651","Tim Robbins",890.5,38,23.4,"War of the Worlds",234.3
"652","Emma Roberts",467.2,17,27.5,"We're the Millers",150.4
"653","Julia Roberts",2883.4,44,65.5,"Ocean's Eleven",183.4
"654","Chris Rock",1603,23,69.7,"Madagascar 3",216.4
"655","Sam Rockwell",1073.7,35,30.7,"Iron Man 2",312.4
"656","Gina Rodriguez",118,5,23.6,"Deepwater Horizon",61.4
"657","Michelle Rodriguez",2368,19,124.6,"Avatar",760.5
"658","Seth Rogen",2218.2,26,85.3,"Kung Fu Panda",215.4
"659","Elisabeth Rohm",56.5,1,56.5,"Joy",56.5
"660","Rebecca Romijn",680.4,8,85.1,"X-Men: The Last Stand",234.4
"661","Saoirse Ronan",293.9,14,21,"The Grand Budapest Hotel",59.3
"662","Emmy Rossum",331.2,12,27.6,"The Day After Tomorrow",186.7
"663","Eli Roth",NA,1,NA,"Aftershock",NA
"664","Mickey Rourke",842.3,36,23.4,"Iron Man 2",312.4
"665","Brandon Routh",203.1,3,67.7,"Superman Returns",200.1
"666","Gena Rowlands",358.2,21,17.1,"The Notebook",81
"667","Paul Rudd",1829.7,33,55.4,"Captain America 3",408.1
"668","Mark Ruffalo",2215.4,35,63.3,"The Avengers",623.4
"669","Geoffrey Rush",1714.3,30,57.1,"Pirates of the Caribbean 3",309.4
"670","Alex Russell",180.2,4,45.1,"Unbroken",115.6
"671","Kurt Russell",2208.2,37,59.7,"Guardians of the Galaxy 2",389.8
"672","Rene Russo",1528.2,23,66.4,"Thor: The Dark World",206.4
"673","Amy Ryan",511.7,21,24.4,"Central Intelligence",127.4
"674","Meg Ryan",1151.7,29,39.7,"Top Gun",179.8
"675","Winona Ryder",916.6,36,25.5,"Mr. Deeds",126.3
"676","Mark Rylance",357.8,6,59.6,"Dunkirk",188
"677","Katee Sackhoff",100.1,3,33.4,"Riddick",42
"678","Zoe Saldana",2639.8,28,94.3,"Avatar",760.5
"679","Andy Samberg",698.2,12,58.2,"Hotel Transylvania 2",169.7
"680","Adam Sandler",2661,32,83.2,"Hotel Transylvania 2",169.7
"681","Rodrigo Santoro",584,9,64.9,"300",210.6
"682","Susan Sarandon",1496,62,24.1,"Enchanted",127.8
"683","Peter Sarsgaard",711.9,27,26.4,"Green Lantern",116.6
"684","Akiva Schaffer",9.6,1,9.6,"Popstar",9.6
"685","Taylor Schilling",66.2,3,22.1,"The Lucky One",60.5
"686","Joseph Schneider",NA,1,NA,"I'm Not Jesus Mommy",NA
"687","Rob Schneider",895.1,17,52.7,"Big Daddy",163.5
"688","Matthias Schoenaerts",49.4,11,4.5,"Far from the Madding Crowd",12.2
"689","Liev Schreiber",1155.5,33,35,"X-Men Origins: Wolverine",179.9
"690","Jason Schwartzman",457.2,23,19.9,"Saving Mr. Banks",83.3
"691","Arnold Schwarzenegger",1885,30,62.8,"Terminator 2",205.9
"692","David Schwimmer",683,10,68.3,"Madagascar 3",216.4
"693","Adam Scott",588.5,26,22.6,"Step Brothers",100.5
"694","Jason Segel",929.4,15,62,"Despicable Me",251.5
"695","Andy Serkis",3037.5,24,126.6,"Star Wars: The Force Awakens",936.7
"696","Chloe Sevigny",107,21,5.1,"Zodiac",33.1
"697","Rufus Sewell",489.1,21,23.3,"Hercules",72.7
"698","Amanda Seyfried",959.1,24,40,"Les Miserables",148.8
"699","Tupac Shakur",83.1,6,13.8,"Poetic Justice",27.5
"700","Suraj Sharma",161.4,2,80.7,"Life of Pi",125
"701","Charlie Sheen",905.9,31,29.2,"Platoon",138.5
"702","Michael Sheen",1603.1,28,57.3,"Alice in Wonderland",334.2
"703","Tye Sheridan",195.1,8,24.4,"X-Men: Apocalypse",155.4
"704","M. Night Shyamalan",42.3,1,42.3,"Lady in the Water",42.3
"705","Gabourey Sidibe",132.5,4,33.1,"Tower Heist",78
"706","Sebastián Silva",NA,1,NA,"Nasty Baby",NA
"707","Alicia Silverstone",377,17,22.2,"Batman and Robin",107.3
"708","Stellan Skarsgard",3175,43,73.8,"The Avengers",623.4
"709","Alexander Skarsgård",191.4,8,23.9,"The Legend of Tarzan",126.6
"710","John Slattery",774.6,12,64.6,"Iron Man 2",312.4
"711","Kodi Smit-McPhee",440.7,8,55.1,"Dawn of the Planet of the Apes",208.5
"712","Jaden Smith",480,4,120,"The Karate Kid",176.6
"713","Kevin Smith",207.7,6,34.6,"Live Free or Die Hard",134.5
"714","Maggie Smith",647.6,22,29.4,"Sister Act",139.6
"715","Will Smith",3205,25,128.2,"Suicide Squad",325.1
"716","Wesley Snipes",976.5,31,31.5,"Blade II",82.3
"717","Kang-ho Song",14.1,8,1.8,"The Interview (2014)",6.1
"718","Kevin Spacey",1530.2,39,39.2,"Superman Returns",200.1
"719","David Spade",738.5,14,52.8,"Hotel Transylvania 2",169.7
"720","Octavia Spencer",1034,13,79.5,"Zootopia",341.3
"721","Morgan Spurlock",NA,1,NA,"POM Wonderful Presents: The Greatest Movie Ever Sold",NA
"722","Sylvester Stallone",2440.2,42,58.1,"Guardians of the Galaxy 2",389.8
"723","Sebastian Stan",1186.3,16,74.1,"Captain America 3",408.1
"724","Jason Statham",1509,32,47.2,"Furious 7",353
"725","Imelda Staunton",669.9,15,44.7,"Harry Potter / Phoenix",292
"726","Hailee Steinfeld",480.4,12,40,"Pitch Perfect 2",184.3
"727","Dan Stevens",668.6,9,74.3,"Beauty and the Beast",504
"728","Ray Stevenson",1166.8,16,72.9,"Thor: The Dark World",206.4
"729","Kristen Stewart",1819.9,30,60.7,"The Twilight Saga: Eclipse",300.5
"730","Patrick Stewart",1534.7,21,73.1,"X-Men: The Last Stand",234.4
"731","Julia Stiles",1041.3,20,52.1,"The Bourne Ultimatum",227.5
"732","Ben Stiller",2829.1,38,74.5,"Meet the Fockers",279.3
"733","Emma Stone",1559.2,19,82.1,"The Amazing Spider-Man",262
"734","Sharon Stone",732.6,35,20.9,"Total Recall",119.4
"735","Meryl Streep",2038.4,53,38.5,"Mamma Mia!",144.1
"736","Barbra Streisand",995.4,15,66.4,"Meet the Fockers",279.3
"737","Mark Strong",1233.7,36,34.3,"Sherlock Holmes",209
"738","Jim Sturgess",232.8,12,19.4,"21",81.2
"739","Tom Sturridge",23.7,7,3.4,"Far from the Madding Crowd",12.2
"740","Jason Sudeikis",896.9,18,49.8,"We're the Millers",150.4
"741","Jeremy Sumpter",139.9,4,35,"Peter Pan",48.5
"742","Kiefer Sutherland",1087.4,35,31.1,"Monsters Vs. Aliens",198.4
"743","Hilary Swank",475.9,18,26.4,"Million Dollar Baby",100.5
"744","Nick Swardson",792.5,13,61,"Grown Ups 2",133.7
"745","Patrick Swayze",574.5,24,23.9,"Ghost",217.6
"746","Tilda Swinton",1281,33,38.8,"The Chronicles of Narnia",291.7
"747","Omar Sy",1074.7,7,153.5,"Jurassic World",652.3
"748","Jorma Taccone",330.8,4,82.7,"The LEGO Movie",257.8
"749","Quentin Tarantino",28.7,2,14.3,"From Dusk Till Dawn",25.8
"750","Channing Tatum",2061.3,32,64.4,"The LEGO Movie",257.8
"751","Christine Taylor",307.9,7,44,"DodgeBall",114.3
"752","Aimee Teegarden",10.2,3,3.4,"Prom",10.1
"753","Miles Teller",659.5,16,41.2,"Divergent",150.9
"754","Juno Temple",387.4,17,22.8,"Maleficent",241.4
"755","Charlize Theron",1651.7,36,45.9,"Hancock",227.9
"756","Max Thieriot",233.5,9,25.9,"The Pacifier",113.1
"757","Olivia Thirlby",348.9,16,21.8,"Juno",143.5
"758","Emma Thompson",1558.1,32,48.7,"Beauty and the Beast",504
"759","Tessa Thompson",469.2,4,117.3,"Thor: Ragnarok",303
"760","Bella Thorne",315.3,8,39.4,"Alvin and the Chipmunks: The Road Chip",85.9
"761","Billy Bob Thornton",1056.8,35,30.2,"Armageddon",201.6
"762","Uma Thurman",774.4,31,25,"Pulp Fiction",107.9
"763","Brenton Thwaites",487.4,5,97.5,"Maleficent",241.4
"764","Justin Timberlake",670.4,15,44.7,"Trolls",153.7
"765","Analeigh Tipton",151.8,4,37.9,"Crazy Stupid Love.",84.4
"766","Marisa Tomei",2030.1,44,46.1,"Captain America 3",408.1
"767","Lily Tomlin",451.6,20,22.6,"9 to 5",103.3
"768","Michelle Trachtenberg",254.2,8,31.8,"Inspector Gadget",97.4
"769","John Travolta",2398.8,45,53.3,"Grease",188.8
"770","Stanley Tucci",3758.1,52,72.3,"Beauty and the Beast",504
"771","Chris Tucker",797.7,9,88.6,"Rush Hour 2",226.2
"772","Alan Tudyk",2174.9,12,181.2,"Rogue One",532.2
"773","Liv Tyler",1545.6,23,67.2,"Return of the King",377.8
"774","Carrie Underwood",43.9,1,43.9,"Soul Surfer",43.9
"775","Kate Upton",128.2,2,64.1,"The Other Woman",83.9
"776","Karl Urban",2264.5,19,119.2,"Return of the King",377.8
"777","Wilmer Valderrama",76.8,8,9.6,"Larry Crowne",35.6
"778","Nia Vardalos",317.9,5,63.6,"My Big Fat Greek Wedding",241.4
"779","Vince Vaughn",1784,35,51,"The Lost World",229.1
"780","Alexa Vega",369.5,9,41.1,"Spy Kids",112.7
"781","Alicia Vikander",309.7,12,25.8,"Jason Bourne",162.4
"782","Goran Visnjic",86.1,7,12.3,"Practical Magic",46.7
"783","Mike Vogel",537.7,11,48.9,"The Help",169.7
"784","Jon Voight",2268.2,35,64.8,"Transformers",319.2
"785","Mark Wahlberg",2865.7,40,71.6,"Transformers 4",245.4
"786","David Wain",NA,2,NA,"Delirious (2007)",NA
"787","Rhys Wakefield",46.7,3,15.6,"Endless Love",23.4
"788","Christopher Walken",2093,62,33.8,"The Jungle Book",364
"789","Paul Walker",1644.4,19,86.5,"Furious 7",353
"790","Quvenzhane Wallis",253.1,4,63.3,"Trolls",153.7
"791","Christoph Waltz",969.6,13,74.6,"Spectre",200.1
"792","Denzel Washington",2399.5,46,52.2,"American Gangster",130.2
"793","Mia Wasikowska",534.2,17,31.4,"Alice in Wonderland",334.2
"794","Katherine Waterston",336.2,4,84,"Fantastic Beasts and Where To Find Them",234
"795","Emma Watson",3206.4,18,178.1,"Beauty and the Beast",504
"796","Naomi Watts",949.5,38,25,"King Kong",218.1
"797","Damon Wayans",217.4,11,19.8,"The Last Boy Scout",59.5
"798","Keenen Ivory Wayans",69.2,4,17.3,"A Low Down Dirty Shame",29.4
"799","Marlon Wayans",765.6,17,45,"Scary Movie",157
"800","Shawn Wayans",377.9,5,75.6,"Scary Movie",157
"801","John Wayne",8.2,2,4.1,"The Shootist",8.1
"802","Sigourney Weaver",2280.1,47,48.5,"Avatar",760.5
"803","Hugo Weaving",2189.4,19,115.2,"Fellowship of the Ring",315.5
"804","Rachel Weisz",1229.2,35,35.1,"Oz The Great and Powerful",234.9
"805","Leigh Whannell",22.5,2,11.2,"The Bye Bye Man",22.4
"806","Ben Whishaw",666.8,13,51.3,"Skyfall",304.4
"807","Forest Whitaker",2112.9,55,38.4,"Rogue One",532.2
"808","Kristen Wiig",2183.2,31,70.4,"Despicable Me 2",368.1
"809","Olivia Wilde",571.5,21,27.2,"Tron Legacy",172.1
"810","Gene Wilder",357,10,35.7,"Blazing Saddles",119.6
"811","Tom Wilkinson",1207.2,44,27.4,"Rush Hour",141.2
"812","Michael K. Williams",656.1,15,43.7,"The Incredible Hulk",134.8
"813","Michelle Williams",694.6,27,25.7,"Oz The Great and Powerful",234.9
"814","Robin Williams",3279.3,49,66.9,"Night at the Museum",250.9
"815","Bruce Willis",3189.4,60,53.2,"Sixth Sense",293.5
"816","Luke Wilson",656.7,32,20.5,"Legally Blonde",96.5
"817","Owen Wilson",2875.6,42,68.5,"Night at the Museum",250.9
"818","Patrick Wilson",783.3,20,39.2,"The Conjuring",137.4
"819","Rebel Wilson",467.1,7,66.7,"Pitch Perfect 2",184.3
"820","Kate Winslet",1515.7,33,45.9,"Titanic",659.4
"821","Mary Elizabeth Winstead",479.9,17,28.2,"Live Free or Die Hard",134.5
"822","Reese Witherspoon",1551.4,32,48.5,"Sing",270.3
"823","Ellen Wong",31.5,1,31.5,"Scott Pilgrim vs. the World",31.5
"824","Elijah Wood",1889.3,37,51.1,"Return of the King",377.8
"825","Shailene Woodley",583.2,8,72.9,"Divergent",150.9
"826","Kenny Wormald",64.4,4,16.1,"Footloose",51.8
"827","Sam Worthington",1329.9,15,88.7,"Avatar",760.5
"828","Jeffrey Wright",2006.1,26,77.2,"Catching Fire",424.7
"829","Robin Wright",836.5,7,119.5,"Wonder Woman",412.6
"830","Anton Yelchin",1087.4,21,51.8,"Star Trek",257.7
"831","Donnie Yen",804.7,13,61.9,"Rogue One",532.2
"832","Michelle Yeoh",503.3,10,50.3,"Kung Fu Panda 2",165.2
"833","Renee Zellweger",1198.8,28,42.8,"Chicago",170.7
"834","Catherine Zeta-Jones",1229.3,24,51.2,"Chicago",170.7
"835","Zhang Ziyi",485.9,10,48.6,"Rush Hour 2",226.2
"836","Josh Zuckerman",8.4,2,4.2,"Sex Drive",8.4
